"@timestamp","event.code","host.name","data_stream.dataset","process.entity_id","process.command_line","process.parent.name","process.parent.command_line"
"Oct 3, 2026 @ 21:15:28.833",1,"win11-victim","windows.sysmon_operational","{3DB7E871-C4D0-6AC1-EE02-000000000D00}","""C:\WINDOWS\system32\cmd.exe"" /c echo test ","powershell.exe","C:\WINDOWS\System32\WindowsPowerShell\v1.0\powershell.exe"
"Oct 3, 2026 @ 20:43:35.672",1,"win11-victim","windows.sysmon_operational","{3DB7E871-BD57-6AC1-B702-000000000D00}","cmd.exe  /c c:\windows\system32\calc.exe","cmd.exe","""C:\WINDOWS\system32\cmd.exe"" "
"Oct 3, 2026 @ 20:41:32.466",1,"win11-victim","windows.sysmon_operational","{3DB7E871-BCDC-6AC1-B502-000000000D00}","cmd  /c T1059.003_script.bat","cmd.exe","""C:\WINDOWS\system32\cmd.exe"" "
"Oct 3, 2026 @ 20:40:38.582",1,"win11-victim","windows.sysmon_operational","{3DB7E871-BCA6-6AC1-AE02-000000000D00}","""C:\WINDOWS\system32\cmd.exe"" ","explorer.exe","C:\WINDOWS\Explorer.EXE"
"Oct 3, 2026 @ 20:31:44.192",1,"win11-victim","windows.sysmon_operational","{3DB7E871-BA90-6AC1-9C02-000000000D00}","C:\WINDOWS\system32\cmd.exe /c """"C:\Users\Alter\Documents\csn_benign_admin_check.bat"" ""","powershell.exe","C:\WINDOWS\System32\WindowsPowerShell\v1.0\powershell.exe"
"Oct 3, 2026 @ 20:26:39.692",1,"win11-victim","windows.sysmon_operational","{3DB7E871-B95F-6AC1-8302-000000000D00}","C:\WINDOWS\system32\cmd.exe /c """"C:\Users\Alter\AppData\Local\Temp\ExternalPayloads\T1059.003_script.bat"" ""","powershell.exe","""powershell.exe"" & {Start-Process \""""C:\Users\Alter\AppData\Local\Temp\AtomicRedTeam\..\ExternalPayloads\T1059.003_script.bat\""""}"
"Oct 3, 2026 @ 20:23:20.854",1,"win11-victim","windows.sysmon_operational","{3DB7E871-B898-6AC1-6802-000000000D00}","cmd.exe  /c c:\windows\system32\calc.exe","cmd.exe","C:\WINDOWS\system32\cmd.exe /c """"C:\AtomicRedTeam\atomics\T1059.003\src\t1059.003_cmd.cmd"" """
"Oct 3, 2026 @ 20:23:19.693",1,"win11-victim","windows.sysmon_operational","{3DB7E871-B897-6AC1-6402-000000000D00}","C:\WINDOWS\system32\cmd.exe /c """"C:\AtomicRedTeam\atomics\T1059.003\src\t1059.003_cmd.cmd"" ""","explorer.exe","C:\WINDOWS\Explorer.EXE"
"Oct 3, 2026 @ 20:22:19.964",1,"win11-victim","windows.sysmon_operational","{3DB7E871-B85B-6AC1-5302-000000000D00}","""C:\WINDOWS\system32\cmd.exe"" /c T1059.003_script.bat","powershell.exe","C:\WINDOWS\System32\WindowsPowerShell\v1.0\powershell.exe"
